file_name,unusable,usable,n,share_unusable
MERGED2009_10_PP.csv,3326,3891,7217,0.460856311486767
MERGED2011_12_PP.csv,1734,6012,7746,0.223857474825717
MERGED2012_13_PP.csv,1690,6172,7862,0.214958025947596
MERGED2013_14_PP.csv,1666,6203,7869,0.21171686364214
MERGED2014_15_PP.csv,1629,6137,7766,0.209760494463044
MERGED2018_19_PP.csv,2187,4620,6807,0.321286910533275
MERGED2019_20_PP.csv,2156,4538,6694,0.322079474155961
MERGED2020_21_PP.csv,2020,4661,6681,0.302349947612633
Most-Recent-Cohorts-Institution.csv,1886,4598,6484,0.290869833436151
