file_name,mn_pcp_fill
MERGED2009_10_PP.csv,0.989208044204575
MERGED2011_12_PP.csv,0.990355322687958
MERGED2012_13_PP.csv,0.992548476992871
MERGED2013_14_PP.csv,0.990810817346445
MERGED2014_15_PP.csv,0.997392390418771
MERGED2018_19_PP.csv,0.998269653679654
MERGED2019_20_PP.csv,0.998898413397973
MERGED2020_21_PP.csv,0.997425016090968
Most-Recent-Cohorts-Institution.csv,0.997825032622879
